3bc97eb5-c81d-4f8b-a7d5-5b82c4cdc116,1.2
165f5585-5dd5-4464-b25f-79cdb3a49d53,8.716666666666667
6f5d00b0-8873-4950-bc00-9493a8c60c76,16.2
85f5190e-bfd4-408e-abee-5caca80e4e05,8.25
4494a34e-90d4-4d6b-b6cc-441857bfb343,21.033333333333335
79a4c658-334a-414a-b2f4-c5f2fa96248b,6.2
1f145aad-28e2-4a81-b72b-9dd32a67ffc0,20.2
44d40bd2-6a1d-45fb-9178-2812423af699,6.333333333333333
3f5f61eb-a43e-4353-b285-1d14873b33d6,6.0
e2bf7457-d382-4ecc-9f2e-fe164737cfef,18.4
efd365fc-a02e-46dc-b75e-1b16f44fb74b,13.366666666666667
86855926-74ee-42c2-a982-2c63202ea21c,14.416666666666666
fab39ef1-ab7d-4c12-8bc1-3eb1a40135e0,2.75
e84d1d4b-d44e-4f90-bf5f-55fc9568354f,1380.0666666666666
da9991ba-48ef-49f8-a39a-bce523b509df,32.81666666666667
5662ec89-77bb-44ac-aa68-5e175189b940,2.3333333333333335
ea3ce431-82c4-41a4-a879-045e8edbe3d5,21.866666666666667
e1511163-bd32-4dbb-9225-ff0c82e74a04,14.433333333333334
58bb5002-ec60-48a1-8992-28a8215f6f8f,5.866666666666666
31a5e285-f585-4cad-b416-eabcbf5616b6,22.366666666666667
898f7d66-3c5c-4efd-843c-b93ff8dc3774,0.9166666666666666
ca846fd9-01eb-43dd-98c3-bf9148116568,28.683333333333334
a82ce941-4a3a-4345-b1fa-d36dc3732cc1,7.9
97e2f402-7d65-4a31-ae43-43012a045490,16.766666666666666
3f616759-d562-4ca1-8597-4652799dbff2,15.8
ee60fcab-3378-49b3-8959-9523b4cdd26e,14.25
aad797f6-ac32-4866-be19-ab8dc7b268dc,8.083333333333334
ff3e57ec-8aa6-46a7-bec1-f856802ba2d8,13.633333333333333
8d8055e5-ad23-427e-9dc3-3ecdc5a981ea,3.566666666666667
64b74575-6c32-40ff-b6f3-6cb19ae75df5,0.03333333333333333
b89be50e-4268-4b27-96b0-b988e333e700,8.466666666666667
607e81cd-f5af-424d-9e56-dab270578b7f,3.0833333333333335
37208ae0-9821-4c7e-a0db-6f62d7ef9d76,7.483333333333333
26999288-87b8-4144-890a-49c30980a969,16.116666666666667
551ca71a-f3b9-40e8-95fd-c02c7462ea9c,6.983333333333333
af5b4108-96f5-4eac-a883-f88aa56234e3,12.483333333333333
9882a11f-dd05-496c-88f3-bd8a59f8e882,8.783333333333333
a64ee978-6267-42a6-8ed0-96a4b835b52f,4.333333333333333
60f08a37-a561-4237-b8eb-8b60d0f146bd,4.383333333333334
95df4049-32b2-4e54-8f87-1e647a64ea85,7.7
2435ae18-b187-462a-908f-eff2b07c55ab,14.333333333333334
67ce8723-7dad-4836-b9d9-e82ed9f00776,1.3166666666666667
b197d6fe-63d5-4b53-9608-152853683af1,2.4
0c9862c7-2c58-43bb-a8c1-1c9f20e0fc7a,6.983333333333333
40dc7615-ef18-4c82-b28b-cafee50b54ac,5.616666666666666
dc02a246-9e76-4e31-b76d-8932ef5cbbfe,7.616666666666666
aa129baa-d1a9-4ade-81f1-6f4ef080070d,6.783333333333333
5869f47a-762c-44aa-aa10-ac023caec2f1,8.7
1e69f190-3b2a-443e-906a-0635adda3cfc,17.983333333333334
cc545997-1be5-418f-9378-1a2e54354646,8.616666666666667
f6354f19-15c3-4cc6-b778-d335f5ea7fb8,5.366666666666666
c3fe33ef-294b-4457-a3f6-1f841a8de224,38.983333333333334
1fdabb53-6535-488a-a5c2-fd8a2e2cb753,6.4
421ae308-9e70-486b-b9ac-c57ef1524dfe,10.533333333333333
490d6f10-af78-4061-848c-0ba8f4e7082b,7.25
9ff33efe-ac50-40d9-8fed-84b9613bdb47,20.7
ea8374cb-7dd1-405d-86e9-e3cd410fd77b,0.2833333333333333
499e8dda-daa8-4a78-8339-52e34042c594,16.166666666666668
74b3751d-9810-4f99-932d-7c46651c6327,16.366666666666667
787b501e-d667-42f9-9992-830d1107b8de,6.233333333333333
da76fd66-7577-483a-a37d-90a3b65e905f,11.583333333333334
0d2244cf-83d4-45ff-8e3b-0fc177af450d,5.65
d3375c7e-8cf7-4a5d-b825-7afa11c3ca6c,18.85
70cff8a7-b978-4cd2-9390-bdc14b17436e,9.433333333333334
e661ee8f-8347-485d-8697-88641f8e3d10,25.6
17063757-30ce-4df2-bcbe-1133e70de0dc,10.633333333333333
d3bfa04c-8406-40f9-a0f4-0d94511caef3,3.783333333333333
3bdbf992-e32c-45f9-bc27-9e48b3464ca3,6.366666666666666
93945701-e2a6-4fca-87a9-6c13cf74c06a,28.633333333333333
325d35e9-167c-4b5a-aef7-861ed68ae35d,8.55
d1d6084b-43fc-4a95-8bae-1734f9ca6cdf,27.633333333333333
f59e6e5c-bbdf-4c5a-9fa4-89f79394647a,5.15
fd90eeb0-a96f-497b-9657-51306d49c9e4,6.8
3dd54893-3a43-4033-b026-aaa75378400e,13.8
3ae7b698-cb21-48a2-bbfe-eebee54da40e,11.316666666666666
c94f76d9-a0f0-4911-8449-8c5764a1ab19,15.05
0ede2e3f-3685-43b8-b3f8-5a672e199fdb,382.71666666666664
971d670f-1b82-45e4-8b30-6a5f7a992473,10.533333333333333
217d5320-d0f5-47eb-a5d9-146e1d4a3d33,15.833333333333334
b08d6432-b6a8-4039-978d-3e3afa7479bb,0.08333333333333333
7ec2228e-f00e-4145-ada3-4caa00dd54c0,0.18333333333333332
63533ba3-52ce-4f88-8542-420c5c34e971,12.0
31f8873c-bb4a-4745-84e5-8cf376818b7b,4.316666666666666
cb56ef2b-38db-4ff3-98ba-b8aff8df449b,6.566666666666666
fb19ab08-3f61-4ee6-a2e3-4d63d00bdc43,17.383333333333333
1c8888b7-0bec-47aa-bd2f-dd310be64d85,11.683333333333334
80bfbf82-56f8-4143-a8b7-8452fa1a5275,6.15
2b966d9c-bb6d-4e6a-b934-fcf3cbe46000,7.9
96e95bfd-5697-49ed-9d72-6697cef45b66,3.15
fa9aae54-b233-49b7-9061-9de28307e564,12.866666666666667
bccb04f9-9fb7-4daa-9168-978f91b365fa,11.133333333333333
6268a402-7455-4227-86da-0259502c8fa7,18.333333333333332
3e75561e-6e10-4cbc-abc4-69a43ca6d2c0,15.0
738213cd-f747-4c7d-a92c-ac23957cd360,22.9
e3587866-16d4-4008-8bfd-bde299189ec8,3.283333333333333
9977a43c-3f10-441b-8e51-03452fbb7210,6.25
e26f3a1f-56d7-4e7d-ac66-48e62752a5ad,1.9833333333333334
ed99213d-52fc-4156-837b-e73cfe3f2c4d,18.75
198fe3e4-7761-409f-bb8c-7bd8167d17dc,41.05
aac61f04-72d8-478e-b37f-9ecc895ceee5,19.55
94026d4b-b85a-42b1-9746-76aa444fd75e,19.433333333333334
18da9f1b-58cf-4dfb-92fa-2694b5dfa7d2,5.65
6a146075-9d93-492f-b656-2f4923aea336,8.8
65c177e9-b0e8-4078-ad8f-d2501c475cc0,1.2333333333333334
7b81629c-5e6f-4c45-85a4-2daf09c2f989,6.75
b54a3e24-6fd0-46de-ae95-abe3ed901017,29.533333333333335
d41fe9ac-9e05-4ffe-87ff-72c3bfe9b9d8,10.3
a44ac742-cefc-4d36-b4d8-6f5907181a22,6.283333333333333
c7050787-a00d-4925-aec3-80576467bdd6,13.2
5f5a80c9-fb75-48bc-a15a-473ddd657b10,27.95
6fb0a7a1-f0b1-4bd1-ae03-e2b7c4df3bf2,4.866666666666666
4f51e855-842c-4447-b87a-1b63b007ccbe,4.866666666666666
314722e4-0bb9-4ec5-b5ab-2b8198dad1e9,18.333333333333332
f3eea6d6-8852-4b0d-852b-46c5296a6513,6.216666666666667
214cab5f-9d35-4f61-9d51-71e71baf7e0c,7.5
e7a8be54-f5cd-4493-99a7-14b9c3b04100,15.683333333333334
2a5b0dfd-7c10-42b8-b4bd-4385d34ed618,4.55
d2e2d9f7-7b75-4aad-9bc3-e1a28427bd18,30.983333333333334
c1798cda-890c-4a0a-8333-31fce02629bb,7.05
329e99c9-77c3-4766-bc11-99bf89eef6bc,3.05
ceb0c9ac-92cf-4117-9080-6d6024364a06,17.833333333333332
29b9aaaf-742b-4725-876c-a7a1e86de2e5,12.366666666666667
05235ab5-3cc2-42b6-8f42-74f116da5a2f,11.333333333333334
587b6531-c066-4369-9cad-62c572776b0b,36.71666666666667
9aefd4ea-6c0f-4e74-adee-d0b8bf03b073,3.7333333333333334
ee134b56-d93e-415a-8267-7e0cad289a37,5.216666666666667
3955a59d-34e1-42f7-81d5-681117828926,3.8333333333333335
4bf6cb8a-ab86-435f-b35e-f62c0c816ab0,20.65
b4b7dd3f-1a28-4e8e-9a8c-b4f40198345f,16.4
0af62ea0-6521-4e59-ac01-a42a4f7e43ef,7.366666666666666
12c97061-845a-43b1-8f02-fae6c5bb9d39,22.833333333333332
3ca16f26-50df-4ca2-a566-8ddd11f42e6f,4.116666666666666
83f07df1-038c-48f1-9d84-979863d0a557,15.133333333333333
7e27d150-3218-4db4-b7ee-af69367fefd6,14.816666666666666
4fddcc0c-a90a-444b-9bd0-5096943eced1,19.25
5dacccbe-ff24-40ca-a286-809848f6efa4,18.2
7209c56e-6ab7-4858-9573-d4c334e5c818,9.4
d50e5856-a22b-4af5-9524-d2f28295fdb1,20.983333333333334
15060870-2c20-4b10-bcd2-0a2fed6f9a8c,6.483333333333333
c868cfbb-2527-4350-aa52-41680c077023,4.833333333333333
4f122c35-423b-4ae8-86b3-edc43ad5ea8b,3.35
e99ff568-c063-40f0-bca6-3cab3da7b2be,19.166666666666668
7d3e62f5-d212-4a34-80ea-81ce91d0c6a1,12.75
22d12f31-67b5-4fd0-b3cc-7bccc289ecb8,0.2
6e90a90a-7928-47a8-95c0-296e108a4293,9.783333333333333
c7750a5b-1d96-4597-b27c-6ea0a5058005,5.7
9d858886-8ae6-4464-b051-d61e77ac6d24,0.05
0068f30a-a50e-46d7-976e-2598739b00f6,8.4
bd5e98c5-859c-4722-8800-de58cbeca5b0,19.866666666666667
25ba6103-c834-47c3-b66a-ad5a44a6e560,5.883333333333334
fdec4f8f-d170-4f66-b050-b4802c37161a,10.666666666666666
82c2c80e-270e-4cc0-9cd2-7eb0dcd292b0,7.533333333333333
25044a54-53e0-49bb-9f22-ba760365567c,12.35
6ae62970-e772-4aee-a9cf-3bfea4c4c916,1390.25
bb095ebb-57fc-4400-abf6-1219dabc4f68,34.333333333333336
16970bbf-d246-4027-ad86-e8c32071d16c,34.333333333333336
0fb8005c-c202-4a1f-99b1-8159ee849fd2,8.183333333333334
2442b8bf-2074-461c-bc2d-5ef8516b033b,3.35
c15bdd94-33d6-4e16-8883-05971cad4fdb,3.35
310aecff-bf90-47d7-8a57-4637e5b90eae,17.25
ff04c458-e3b1-4a35-917c-7626b255248e,0.03333333333333333
711903bf-6f03-4b29-aa84-0c00c6cebb20,10.683333333333334
3a45d52f-9896-48f5-ac55-e123c83feac3,9.833333333333334
5c4f052e-1fca-4a04-b401-d61befcf0a13,29.016666666666666
3ad6c9e4-43b9-4d6c-bc8a-bd115c0fc874,27.266666666666666
5f0b2ee5-ebfa-425c-a832-a00cd137c0ae,9.116666666666667
416357ef-63a8-4820-83ec-1952cabd3264,3.05
a61d2572-0627-483a-9736-ec4676947e08,12.25
8088eaa9-a5d9-4df2-87fa-35219c067f79,15.05
11940869-75d6-4381-92c9-d415e2372072,21.416666666666668
2e84b875-9e00-43c7-afb4-b3e2ddf59229,13.083333333333334
34bae119-2b86-4ec7-8c0f-acd0e9e71063,31.183333333333334
57e19fa0-1083-442a-ba10-cf2d85122213,11.75
b2c9e8e0-f236-4402-aafc-4e576aeccc3f,22.333333333333332
71bb8ced-f186-4f33-87c5-b6cbd4eeddf1,11.533333333333333
5041e67f-e43f-414d-a94a-27f3f9e878c7,4.233333333333333
64b50170-da42-4b44-87a6-53c997ff2a93,11.7
5bc3e286-86f7-4817-bf6d-df3f5b2ad28c,23.383333333333333
5ecf8a11-2c42-4d80-8034-2bac77fe8475,6.95
349d34c7-5888-460b-8f80-3e698bbe5491,31.116666666666667
f14381a5-dc91-4e19-8672-385c542d95d8,5.616666666666666
1102db05-b064-44f9-9cf4-ff7836f82046,6.966666666666667
bcd0ad8c-ba03-4528-b0b8-27a0ab368bd3,19.233333333333334
d2cfbaa6-c44c-4898-950e-8deaf179ee26,9.166666666666666
ffc4732d-9dbd-4186-94bf-bc2d33f32a8a,0.08333333333333333
1949a544-da05-48dc-b1ad-a54d91c75291,5.466666666666667
6a7f4cb4-65b2-4817-bac7-9f19cf180818,53.05
f16f66c0-a502-4088-8f9d-82e904f49ea7,11.183333333333334
398488c0-49d0-43b7-b37e-ffc28630650a,0.06666666666666667
d111ad7a-d0ce-4ff9-b2ff-54b9313b6c44,11.833333333333334
6433101e-8b5d-4968-a7b1-fb6b90aeb579,2.65
5c249e33-ede8-4dc3-b54b-b0c695610306,4.9
be419c4f-eed0-4e11-9a68-bcacb10a5cb3,6.666666666666667
608ad78d-3d28-464c-b9a4-bab7d9c1a04e,5.816666666666666
880c3860-552c-441c-ad1f-d4f9c74aa9b9,0.31666666666666665
bea15761-c16d-404c-a230-eef6353d9093,7.466666666666667
61979f1a-79ae-4a28-a6b9-a9745c9487bf,8.116666666666667
036df6cf-227e-4dc6-b543-7596baffa2a2,70.41666666666667
009a7dc4-17fc-465e-961d-bb96b46d7608,9.55
2a37fe81-170c-424b-9109-4986fcc587b7,18.616666666666667
42ba7bc7-4641-441c-b3ef-21d2b32b1564,2.9166666666666665
cd02fb3e-a525-4739-b9e3-bc5eafcd3a27,0.31666666666666665
6b78b24a-ab00-41c1-896f-d8005474beaa,5.533333333333333
621adf5c-47e1-4c75-8398-39a707ef893e,12.016666666666667
b5395ecd-8e28-4e5e-87cb-099655638168,26.033333333333335
1e8cdd8c-035c-43dd-82dd-5d2bf60d7b55,9.583333333333334
dda3613c-06b6-4a5d-9390-adaa34ed78e2,19.55
257433c6-fef6-4a39-8e4f-37521dbfc469,21.9
a27b577c-2bca-46f3-a67b-c812384a26f6,16.716666666666665
789dd6f8-4082-4cb7-9637-2f1a0031c7c9,17.15
ee530e10-9f20-4452-a368-7266112c96bd,0.35
3347ea6a-636e-49a6-beea-c98b717fb69a,1.8833333333333333
da17c6d6-3ef1-49e7-9a5f-9a645fdb0812,0.95
e077461f-ab78-4da9-a0ba-0bec5fe7cd98,4.416666666666667
a5ae6b8b-6cfb-45dc-831c-8b7cbf731050,0.11666666666666667
54001d0f-7618-4ece-a6e0-825367adc740,16.983333333333334
52e39c30-4bfc-4f80-a659-9b32691df5bd,14.666666666666666
b879102d-0f17-4d30-9aad-67c86d7a5808,25.166666666666668
a083ec85-2ef7-4e2c-bad4-4a395ddbbefe,0.016666666666666666
2cbcb962-83e2-41d9-a59e-9ea215da25e7,21.666666666666668
0a2a7a9c-bb17-4674-b7d7-29c956085082,10.066666666666666
2e8cea63-6c76-4700-8f2c-d0fcddf8e709,2.6666666666666665
5c544b72-c5cd-454e-bd6f-4d22cb9b12d5,8.683333333333334
d22cabcc-92c7-4643-855a-fe5c1ea2b30e,0.05
834f88d0-1da2-4c35-8a4e-5410930b8292,0.05
b7ad3fe8-2216-4f73-bf9e-e9c2909f022c,0.05
41f664f6-beae-47fe-8574-ef7fd6c24456,3.05
382edd21-7272-4ea0-9917-64881211725f,12.066666666666666
f10d2ea8-51f0-4d40-b66d-69ff88a5d06a,8.916666666666666
6f50cc17-7dfa-46fb-a829-2ce0ecefc7ed,4.733333333333333
d554ee0e-27c7-4ae5-a92d-763bc1e0c5fa,11.233333333333333
49c069e7-322f-4366-93ef-2a8cca9c871d,14.35
1445a4b6-8656-40bf-8416-7155bd72b466,1.7166666666666666
0f0844a5-bac0-47a8-81a8-c9fd963ba0f6,11.266666666666667
d0613b41-f754-4e28-86e3-f17609f7575c,11.516666666666667
d72a87b5-df7c-4bcc-b231-7251084de680,266.81666666666666
adaac809-a1c6-4fe8-adf3-c885e6510a44,5.233333333333333
852a5cb5-b9e6-40cf-b2ea-582afd84ad67,27.066666666666666
ad558586-96da-4fbe-8bfd-c54f3855b7b4,12.25
d1dce51a-0d7e-45fc-a42e-b8421066b20e,0.1
e43c89bf-308c-416f-af04-fb372ccf9e2f,2.25
bdbe331a-a1df-4d26-8bad-6571f93a15e5,13.616666666666667
ee4b117b-91cd-4e73-862b-cbb4dac67197,2.6
fa436155-7640-43bc-9c0d-87057f092548,6.166666666666667
52683ad0-69cf-450d-9ced-d14576a5361f,4.8
cb6e66d6-9e4f-41df-818c-697e238c76ce,4.966666666666667
a2645fc6-63d1-42b3-a5a9-92077f976df0,0.08333333333333333
02bce000-caca-4000-af6e-97ba0d08961d,6.65
3a1d67f5-7aba-439e-b5d0-03b6ad19a519,0.05
65688727-d348-4565-a977-4e9750542195,15.316666666666666
5eea2492-a090-4539-8da4-4dc989b62507,23.566666666666666
dd24feec-4cf8-4d4f-b7ea-d734ed1b1b1a,21.2
77c650d0-85b3-4150-a04c-8f38e96da23f,9.25
84e3a664-f748-49c3-bd54-fd8d29b4685e,13.233333333333333
cb792c6e-0512-414c-9490-dc4da1acf500,6.916666666666667
95841dbd-e7de-4394-95af-37b5af92f3bd,9.266666666666667
15038d6d-27d9-420b-b71e-6281f9a9f151,11.033333333333333
2c18f735-26a8-4d2e-a79d-462b2b540ae9,28.383333333333333
5d2b9a5f-1f37-4a7b-ba9e-c8621c445e40,16.116666666666667
37b690df-3b1d-44f2-8b28-6811a8fa9ad8,8.1
ab4bdee7-3302-4a1e-9136-5b96072b2a7d,10.05
28cc4d56-f2bc-4eec-9f4e-0638ccc0ce50,8.716666666666667
87da74f1-05c3-41ac-bf92-60f0af324d16,9.2
f89c2587-d3e3-43bb-a9ad-d8371558debb,0.05
c47bea8f-6141-4cbe-a885-261a93993d36,9.55
98b67446-7cf4-4891-82a5-7bb63e14c576,0.11666666666666667
89b49e61-f5ba-412b-9fc9-c503a10c81c3,1.3
99837da4-a165-422e-a336-54cb4134ca05,11.066666666666666
617df9b3-eca8-4759-b5ca-b172b7778d3b,14.383333333333333
2539090e-e5ae-447b-9c83-90a28f069472,28.066666666666666
68ed8bf1-5ff2-4453-9c1f-4fd46e179590,4.133333333333334
fa100d8f-69cb-4a69-b179-a06206b0a90b,6.566666666666666
02f68e94-b644-4909-9934-1505f96e76de,9.216666666666667
16cc072e-4461-41d5-a23c-1eac2e30e7da,26.216666666666665
0213f78e-f30b-4abc-82d8-1bda0f1a9130,32.083333333333336
c626fd4c-db2f-4375-a6fa-e28d2f265d26,8.416666666666666
f5e073ba-d838-45d0-8527-e017c32e437e,0.06666666666666667
0ecbea8b-c396-4e4b-b829-01359053a1f1,8.833333333333334
1733a6c0-072a-4d27-8999-d5cb66ca176c,17.75
ad0911c1-bdeb-4267-a99d-6b232e928a8a,0.06666666666666667
eacefb7a-a83d-4908-a5a9-5d46826c893c,2.3333333333333335
63ad7dda-ade5-4743-ade1-87b1493716ec,15.466666666666667
57c48b35-95b7-4009-8698-1ffea88464f0,5.95
bf465d0a-824a-4468-b6c6-beb71c454896,8.0
491cdc7f-ac12-4a52-af4f-23bec99fe2bf,3.0833333333333335
65053425-02f7-46c4-a1a1-a081aa2b315b,14.35
70b6ab6c-c282-4a77-924b-31cad056237b,13.016666666666667
b053a7af-8111-4dfc-aca6-75737fdf4b4a,2.3666666666666667
c8e295bc-2e4b-423b-96d1-28f4a7c95db9,12.616666666666667
8404ef71-6946-482c-aa35-dff931b331d7,4.95
0204b8ce-759d-4056-8056-f9c32349ac13,4.15
29d0b6a2-8592-4c35-8e80-5d62dadce6b2,12.15
c92fb7b8-439a-436e-a3a3-277ac4cf11e7,51.36666666666667
5e9c3b76-41e6-4f7a-be80-14b4a7d1a527,29.883333333333333
bdd03414-0b8c-4257-ae60-f97bb2284014,22.4
7f21bda2-58e8-4254-abe8-191eb115bfc4,6.35
eaaea5c0-3a42-4690-a18b-84296ea098ba,7.416666666666667
a39b80af-2b41-43a2-8a4b-6ffca199ba7d,4.133333333333334
4cfc820b-a147-46b9-8630-9f11a7ab9080,8.65
b44545c9-7be3-4786-b793-bf013630c56e,11.066666666666666
e9160364-f3fc-408c-96ff-939db532276b,6.733333333333333
f62e2628-9776-4bc1-b79a-e2250f98ae5e,7.066666666666666
b6be1746-782a-42a6-8344-61ace901e1ad,5.016666666666667
2dc7b152-2735-4e05-80bc-067d3927b40e,13.783333333333333
efc82ea2-b2eb-4084-889a-2ceb960c5794,3.6666666666666665
38a68b6e-57de-4b46-a2d1-9034c66850b9,9.516666666666667
b9b1a609-a0d2-43dd-9813-332f3f76be9d,8.616666666666667
0f26ee5a-add9-47b6-9311-8430a2aefc06,6.383333333333334
c0c20e75-fbc8-4f58-ac60-fa885ea07b43,5.983333333333333
fceb7070-c1eb-40d1-ad73-81bec309e5dd,3.55
17075037-7686-4128-886b-26876ee3adf2,9.866666666666667
0224bdd6-b2ce-4cd7-a0c2-836fcd00e944,6.8
248cc303-0978-45f6-968f-6a8efdad3ec2,37.65
a9fea9b7-6493-404d-bb35-77b33e91b1dc,3.966666666666667
7aac0a46-2457-4d99-a824-56a46248489d,17.55
13c86bcc-53d1-44ee-9e68-169dc4470899,2.783333333333333
84c17296-328a-4402-ad77-4f8f98c76c4c,1.4666666666666666
80935c9b-50fd-466e-9e21-cf380dd4d183,15.866666666666667
ea09edad-3f2c-4ff6-943c-0107d1212213,9.283333333333333
081738a9-7fdf-4db2-81d6-a8ed60853904,6.116666666666666
958351a3-4582-44e5-a1ce-09e311ca7c67,17.416666666666668
d18af549-e12c-4570-a0fc-a57fe3d9188e,0.03333333333333333
05708b61-8960-4bc3-b903-bed58db6d51a,6.366666666666666
ac887ff8-2d58-4c24-ab03-989bba62f4a3,27.333333333333332
74446c52-45c2-45c2-8cae-79999787428d,14.266666666666667
15b1a905-0fbb-410e-9d56-8906d59115d6,4.733333333333333
24514b6c-8e4f-49ab-a95d-c3d4bc5abcff,2.033333333333333
51792c6c-82cf-422c-9c72-0618a198c3cf,0.05
72b89f4f-328f-4742-8a93-b114514c3804,0.03333333333333333
9cf89954-3603-4ee5-b93e-1b268f72c103,7.883333333333334
d5c578af-2fe7-4ac3-bece-d6d887b8c2d5,7.5
1019cde6-079d-49e9-9cb4-9e972f741cd6,4.383333333333334
8cab1b8c-440a-40f9-813d-427d768d777e,5.233333333333333
caa8b3ae-acae-42d7-a91f-cfc9638b701d,5.783333333333333
a40aef3b-1999-442b-9adf-823a6490cba8,10.516666666666667
695d679b-5bfa-4ec6-a76f-87cfdc52a1ba,9.366666666666667
644c54c3-76ff-49d1-b45d-9f1bb29ff1d6,3.5
e10a0e3c-0577-4579-8d70-028f70ce4e4d,5.333333333333333
9ce33c07-139f-4deb-b936-3466becf5b32,3.3
7a1d8e79-0e39-4734-82bc-be7040f9f638,12.666666666666666
224e7d5c-aaec-4e62-af49-74f3c500fb2c,12.55
2090bb0f-b699-4ab8-bdc5-a17074de1d7f,3.5833333333333335
9a7ac30c-a988-4eda-b802-eb0b77909847,7.333333333333333
34bea3c9-9cc4-4591-80fe-b7e6ebd114c0,3.933333333333333
8eca4b9a-4490-408c-ba74-e15289b4bfcc,12.25
7485f349-8290-4e60-895d-ec538ae6b46a,2.55
d17c9d7e-a844-425f-acc8-0c41b66823b9,1.2666666666666666
025e0535-acf2-4697-98ce-7800c30d2871,2.933333333333333
eead3014-a1f8-4166-9b00-97d54db915f5,6.583333333333333
022068f1-6323-474f-b4b7-a285a0990a0a,13.766666666666667
a59ccde7-fe94-4e9a-b740-aeb46670494c,11.116666666666667
f19d1d32-322c-45db-95a9-8ba98b79eba3,6.95
9d5d398e-df41-486f-ae4d-aa01fd18a072,13.183333333333334
3cd266a7-f338-4809-be9c-a4672ce83878,46.0
6c325e95-9063-41c6-adb6-0f2ce8c35f10,5.833333333333333
239f1e72-c086-47ed-9655-7b900cca9476,10.95
88addc70-aca5-42f6-a3eb-d87ac9e03a28,8.666666666666666
800e92cf-2ec6-4637-b7fc-f1b1678ec2d7,57.81666666666667
1b127634-8468-4ff2-9366-0bb8e31a83ba,5.133333333333334
5a9b35f2-14da-4824-9c34-3972f7914493,18.633333333333333
ef775b9e-42da-45a9-bfa1-4207e47b2240,5.483333333333333
01e6d11e-595e-41fd-ad2c-de92569cff95,13.433333333333334
3ec9767e-242e-47fb-a155-a888db28c695,8.15
cf1947d7-f547-4255-93ca-73fcc9b38fcd,0.43333333333333335
997e41d0-4b0d-45e2-9995-59b97a963a96,9.3
8a092870-523b-4b91-b7b6-06f0a7e6bb3c,21.416666666666668
9ff894a2-a78d-4892-a183-3a85fe465e47,4.95
eafa7e9f-aa73-460f-86c2-d1e218ba1f59,20.25
0dbee8b4-a871-4325-beec-fafd510f9a97,12.566666666666666
1bfb0d06-f477-4b5e-b08f-8dd6599473b9,8.833333333333334
640b6601-b6f8-4b1d-bfc6-1d23766761f3,10.2
fae4f112-34dd-4405-b39b-58a40ca4e179,0.5
9c031a13-0d5f-4415-90a1-c0b1c240b0b6,0.5
ad9d7061-3b40-4b7f-8849-c8f4abf71857,5.45
5df26003-548f-47eb-8d7d-1e611ae9f76b,15.133333333333333
c765290d-9199-4e92-9c8c-e5d7f2a1da5f,19.05
2a55a013-6ae2-47a0-9593-50e63203cc1a,1371.7666666666667
920c6d8d-e76b-4b8b-b3b6-8f424988e73c,3.5
a1c229a2-b160-49c8-80a1-f23a8e36eec1,16.45
3e300202-a4cf-4b07-8fdc-e60092cd8343,11.916666666666666
68d99ade-03f9-4ed1-ad69-79f8c12b402a,0.06666666666666667
761f9b65-1c14-4da9-bc6e-1a98dea98223,23.783333333333335
4a862dad-3efe-448b-bd35-95802eee009e,4.333333333333333
13a0ff5e-aa43-4176-b443-0d1a8d8fdace,19.983333333333334
cf93ad5b-94cb-4a78-aebe-afa1bd265970,14.883333333333333
57df57fe-18a7-4f25-8156-34e4dc8b21ae,6.8
addf5ee6-c883-4c11-bb50-2a668004e92d,0.06666666666666667
1e15ef10-755e-44e3-bada-88c801186a96,0.2833333333333333
93bb568a-61bf-4f57-a783-42c7a2012ec3,22.6
ff2e7ff2-6c6b-450d-a0ec-0ba381f47c58,9.116666666666667
dbd3737c-0379-4450-b518-3c02cbc365c1,2.066666666666667
b6ad97d7-d925-41fb-944d-89d11a98c6e5,8.35
219beb42-cfc2-4cae-b710-2053b62e6da0,22.25
41c8472c-6352-4b68-895c-8b622a802656,7.033333333333333
9139dad7-2a20-486a-b0f4-8f01b343bfd6,0.16666666666666666
a4aae3d0-f70f-4732-a000-4075eea0ec4f,18.4
cced63b5-5f23-43bb-b08c-6aef0e6dfeda,14.366666666666667
f9da3872-26ce-42bf-8c5e-c532389dd55d,17.383333333333333
369929eb-1c8a-49c9-ac5f-be78e0087f06,22.65
2f76659a-c1d0-432e-95b7-6a472fa119ac,9.1
cf2ec933-1c95-4947-b2ae-d82f94a90cac,34.31666666666667
b5f44cfb-1d3a-4410-ba5b-8b578112a656,15.65
0c599e85-41eb-4534-9d99-7888a0c06a6d,25.45
3e3a4c69-5d34-4f07-8126-0efe3b6c81a3,15.483333333333333
19aa97e9-0de9-40fe-b9d4-13f2f7dfcd27,17.8
e0bc6a69-d799-40b5-8171-73549ec72342,10.0
85e349a5-d660-4328-91ff-104815d5a82f,4.833333333333333
57899bf9-c181-4a50-9cc9-6424c0f09689,6.15
d0d84a5f-ac71-4ec2-9dd3-dd72c3bda194,6.216666666666667
28e74da0-9222-4165-8c1c-249e63cdf7bc,6.716666666666667
456e21e3-8f7a-412d-b342-755f0f0c356a,3.8666666666666667
9a41e0b0-ebd6-405c-9906-b864a4b5e8f6,10.55
67703a33-68c5-4fd4-bb25-1596030ee5a3,4.95
b61bcc66-344f-49d5-8c96-c7eb111aec47,4.95
63ad36ee-d011-4265-9aaf-618e4ca7079d,5.45
559bbc70-8177-4231-94de-d3d16419c36d,14.666666666666666
e70a9b39-cda2-4c0d-b1e5-c969eb2b84b7,7.85
25e9bb09-9576-4ea2-a110-7b5839009a07,3.05
ff585980-17c9-472f-a186-e42e3de8b0c5,14.45
4d83c81b-3b2a-4157-aab9-3a41fa40969b,8.433333333333334
d252a957-5885-4d73-878a-4a1cfb724c30,6.75
a8c8c9dd-e01a-483a-afb0-bad877f838d6,177.25
fc439d12-29d7-4c3b-ad86-6e8fedf306d9,4.333333333333333
266072f6-1d8a-4e65-8def-a1b575239a2b,10.816666666666666
a81bdfe8-a5f6-4b1a-b6d6-b9c60c7b744e,2.7666666666666666
a53d9e0c-f654-465a-bcaa-d516deba4bfd,0.05
252db34d-bfbc-4ab9-bdb0-f50a564d2616,35.833333333333336
f06772ca-54ac-46cc-8e91-3d92e4314660,5.133333333333334
a83f2140-935b-419f-9ee7-fc8d78779041,18.25
4ec9d0db-df41-4c65-af19-6ec9d846dee0,5.95
4304a41e-528c-4302-aaf4-b20210fe7737,10.383333333333333
fa24cda9-0161-42af-8be5-35e0854e911b,3.966666666666667
50daa123-fd4a-49d7-b471-7f5cdb489efb,17.233333333333334
a7e9caed-749e-47ec-9670-232622341f95,29.216666666666665
3460be7b-4d06-4227-a3ef-3248aa12d431,10.05
4e7c50e7-ec26-4c25-b602-5a3a94ef4457,11.7
6361f59a-73f0-46fe-b565-c8563fa3a1a3,5.633333333333334
1d9678eb-8947-4aaa-92f7-800e86aec4da,15.933333333333334
d6ee0eb1-6fd8-4658-9e44-27e440682b22,3.6666666666666665
f98d3eb6-f348-4cfa-9fd7-973be1180a84,1.9666666666666666
73f03add-8ed4-455e-8cb4-c403c8fe1996,1.75
9309f087-ae8b-439e-9caf-a9deb98a5a1a,6.933333333333334
24bdb855-5b0b-48de-9e3a-b49827733c81,11.633333333333333
c27fba12-8f87-4399-91d5-de3c018a89ac,11.683333333333334
a9357b83-73f2-4492-917c-0b26d6a4f7ef,12.716666666666667
e21dc4ab-1259-4e41-872e-a0cb340cf8e9,7.783333333333333
b8c2ddf0-e80e-4d47-b68e-52cd77d980d0,23.366666666666667
30352fa5-34a2-488f-b47c-dc73700dddf3,8.2
dcd92c3f-3a5f-4b83-b3c1-e2a42e656e95,21.883333333333333
d21230d5-305d-4afe-9985-5527994dd3e7,6.1
ca9638c4-a344-409f-916d-bf38e5d14808,16.05
72faddcf-b1c3-4497-ad50-20525ce2b392,16.533333333333335
90c7b1f7-bca4-4fd7-9bfb-70536f61b2a4,7.55
9fa923a8-d1dd-406d-acd5-76750b762244,32.333333333333336
95ea6b1c-af7a-4e4a-bacd-4213151234b2,10.416666666666666
ef20ba04-abe7-44bb-8323-311c5b6d786d,3.566666666666667
2898fbc5-face-4969-a49c-33ec68ecd151,11.133333333333333
faea1417-4035-4813-af79-c18feec946a4,14.7
c5dcef72-94f0-434a-8d74-00ba9a3b0aca,8.3
c6877f1b-874c-4268-8476-8300e5c8814d,15.8
8203a197-fabc-4c72-9087-caafea099d18,4.483333333333333
f6517306-7896-4aa2-b81a-71b4edab468d,6.7
120d8ee1-0f44-47af-943e-f857f6bbcdc4,11.966666666666667
76d81656-08ed-4201-9d39-88abf09e2c67,9.166666666666666
c45b69fb-9c2b-48b0-b7f8-488091e0858b,25.15
7d240658-19d2-43f2-bb4c-47767aef891a,0.06666666666666667
cf5dfbd5-12e8-4d74-bafe-ff4a30b2df8b,0.06666666666666667
a06699c8-951e-4140-bad0-31d6165783f0,0.9166666666666666
a3ad4fea-7bfb-4948-a19a-f7782b59761a,0.06666666666666667
5d42ec1f-eee9-4c4c-9d1a-01136c61c965,0.05
b2a60bf9-bd81-4fea-b725-2a0b9037f0d2,39.416666666666664
89bc2254-7697-425a-9d7d-7e2629bc4d36,4.15
3faf4315-836c-4950-a683-81a35a65ff36,4.916666666666667
06e2cd25-9f77-4943-b574-2313eb5274dc,0.4
42dbdc3d-1bac-480e-aa73-e981ef70ffb2,7.15
817da22d-d528-420e-af87-542c787852ba,6.2
51aeb7e8-f454-4a1c-af95-b9edd133a5ac,13.3
2a61fa3c-fd11-4f68-b77a-2622bf76f462,9.716666666666667
7bc1af39-f0bc-4624-826d-b448eb96cb5d,6.983333333333333
f4a9022a-a94a-4195-9877-25622de24f96,7.45
c5bdb7ff-acd1-413e-a5c5-ad66ca5a4338,29.166666666666668
0f484ca6-3eb3-4f0e-b278-240159ab5044,17.466666666666665
c126d1ec-9646-4e0f-95cd-c5911f21a48e,6.916666666666667
780e25a6-9def-4188-a3c9-8d9012b9d6c4,18.7
94a94342-e3c2-48b2-9cea-d5ebfc1383bf,5.983333333333333
b1c2f058-3b62-4fc6-8ce8-706b5cd53b43,6.183333333333334
ffff9734-6e2d-4ee0-94c0-147a4e4e3cb7,0.35
5052e80c-487d-42be-9088-6dfe6ffbd331,9.45
2122428a-136d-4f3a-987b-891e30ed911f,23.45
5a792e90-ce98-41ce-889f-dd1595cb2c58,47.8
f29b7d89-8c93-43e7-802e-e6a478df075e,18.5
80562316-c802-4628-91c8-84a77fe784c9,625.3833333333333
e4256812-e053-4bc8-9521-b019126bdbc2,13.933333333333334
c8a22b63-440b-40d9-9303-4b8a7c04379e,9.833333333333334
64d868a3-715a-4f6d-913c-56314179f30d,3.6
a5ec2446-aa6d-423c-a13a-373cc22abeb0,15.55
41f251af-920b-46be-8bdd-29901f9f1b04,13.866666666666667
31e8939e-e3c2-46a6-b5d0-e13004e31689,9.816666666666666
f6d20793-ba5a-4af0-a7b4-d825528e589a,17.383333333333333
37deba27-fef5-4c78-bc7e-30f287133591,25.1
84beacd7-0724-4b2c-acc4-15caea2c1c9b,5.183333333333334
3bc2bf9f-3e26-4335-95e2-69cd348e084b,10.8
5b8ea89e-a0bd-45fa-a0aa-4f264ac3555e,6.166666666666667
45e432b7-8ad7-4f3d-b443-8bfd6cf6f0f0,7.783333333333333
8adc4465-887a-4c0b-a1ec-6be28ced106c,0.03333333333333333
4e6cf138-0466-4836-b80b-8e7de7ef78af,7.416666666666667
00de90cf-b44d-4e30-96af-666985aeab26,17.6
f2c0c3b7-b8b6-4456-9230-f566e862127e,14.45
72f91490-807b-4c56-a912-8881e0956c81,21.116666666666667
0b4d5721-92db-4f99-b43f-18b49dc51737,13.366666666666667
4f2ac863-1c21-40f6-86bf-deac95b50896,13.45
3628f6f8-b4e2-40c4-87b5-39127840c8d3,11.15
051534e0-f5fb-4cf3-aa9c-c0e03e15d77d,12.583333333333334
3e8e1983-832f-4402-9a61-898fc8dde924,6.6
faaeba81-c799-475f-b932-a2d4071ed339,6.6
4555ebc2-17ba-42e8-8be8-2ce5e2d41a54,8.85
79e5fbf6-6baa-4831-b64c-33a715fd2a19,6.85
5a74cab5-97a0-4f89-8d05-96cfef8e398f,9.633333333333333
04e1c3cb-4373-47b5-9adf-979941051c58,10.8
14fe9f1d-3cc3-4867-b6cf-31d705a6125a,5.666666666666667
f9b5706a-6a57-44bc-8064-8aa742d6bc00,2.1166666666666667
3d94ed01-8560-4281-be0a-f6ed4e6c5bc5,9.85
1c4b39ae-a2ff-4ed1-83ba-c7c11dcc62d0,15.3
a0fdbf5d-deea-432a-8f76-9487653e8b66,18.65
4595effb-d787-45f9-b84c-903b7a9f06d0,6.566666666666666
83c16637-a3e2-4ccb-ab9e-94ff3758d50f,4.3
c08d872b-1b53-47a1-9f84-9685d1cef594,2.5833333333333335
92109b95-01e9-43db-a8c6-66ffcba53727,35.483333333333334
8e1e4849-7315-4b86-9548-7a62cbce8f69,9.65
75d0afc4-f2ed-4d87-bb29-07bcd430e343,2.2
fdc47c3a-9ac2-4238-b4da-f5e1229e8d36,8.083333333333334
b7e75b02-6759-4483-83cb-da92652374d0,5.2
88f32e62-db98-46c3-9a6b-86371bce0136,24.083333333333332
fe6ff4b2-1e9a-4798-bd5e-1f8dabd2da72,8.833333333333334
437b1eb7-86fd-40cf-a250-30496177f0df,14.916666666666666
cf8b8377-4deb-4e03-a3c8-ec786655369f,21.383333333333333
c7818427-9113-449f-a0f6-6ce6761ae034,14.9
811443e9-0beb-4298-8f31-a87990af7fbc,3.5
4301e2b1-1624-41c5-88b7-ec4789b804c1,26.0
511041cf-3704-4a56-ac8f-7c056dfa7652,17.183333333333334
b0bbc6bd-9dfd-4b59-adf7-5422b31baba3,9.666666666666666
4e51166b-9eae-48c4-9978-84201e40c30f,15.033333333333333
28dcf8ce-93d4-418f-89ad-7a8f5eb83788,26.3
89f1a170-7caf-42ba-9d01-1b1326273dd8,9.7
7e1a23b2-7103-404f-924a-52d8f936355a,13.933333333333334
a911e2f6-f1b6-4602-9838-cf326804198c,19.216666666666665
541c641e-3bfa-4acd-8183-9f2357526152,42.56666666666667
ca6abcec-6fc9-4afd-842e-0214369f3ceb,12.1
552185e4-c156-4a8f-9be2-7ac4fadc3c54,8.283333333333333
f35ee9fe-0f50-4d85-a6d3-4c6f821b62ed,3.3666666666666667
a65ada71-ce89-453d-a7d6-f5efe17d18db,19.0
ea672743-df14-427f-a8dd-0d40afac59d1,31.7
85e08afe-7640-4edc-a4e6-fe85b829f17d,10.166666666666666
34ca4414-9361-49eb-9c72-12b07505142c,0.2
eb087638-21fe-4a4f-9877-146acae0ee79,23.6
f84e1469-c3c4-4bdc-af27-d9e753725114,7.95
d44b641e-de66-42ed-9ea9-5766b353d555,6.466666666666667
6781f62e-1700-4f1f-8e76-e776bbdcfbf0,3.533333333333333
657b149d-23d5-425a-ae69-487f5ffe17b0,8.783333333333333
d59f98e4-6761-454a-bb6b-bb83f7219be4,22.9
11509dfc-34e8-4716-942c-d2e6d91749f7,10.616666666666667
9ccd0446-8734-44d4-b230-5f9ee595ee03,10.766666666666667
3989c4e3-3115-4d47-81aa-67d5b9db29f4,4.483333333333333
66a4a158-cac9-47b2-a3e5-809cfe4733f4,4.166666666666667
c9137e16-cf75-4e1f-af76-1cee64c7ea5f,10.066666666666666
6c2188db-bf0d-4cc5-b480-e45ef565226d,6.1
20d95934-3b23-4b9a-b20b-f7f0eb5369af,23.333333333333332
ca45f53c-82c2-4d0e-9cf0-ffc63c81f677,6.516666666666667
14996a32-9834-45c2-8827-121444a5ce77,13.8
fc09a6ca-a741-4011-82d5-acc294dbf3df,21.583333333333332
b3112667-d621-404e-8323-9c8817ad5ffd,19.433333333333334
e9055945-7000-4a91-bc7a-5aed2c8822fe,6.0
579aa22d-e422-4a0a-b05b-398bd0d03900,19.133333333333333
37b7846a-a18a-4cb8-84ce-fe7bc6ead181,4.25
376c282a-ee3b-4137-b1ba-a7a5bb5d0f7d,13.25
988bfdf9-4e73-43eb-a145-65310c32db47,6.833333333333333
aee77356-b900-4f49-ba39-b489912d0375,11.633333333333333
4c06f92b-70a4-4090-aa1c-8c553c232b03,12.383333333333333
d02835e7-ef04-4182-8c20-7e46cfafbc8e,6.733333333333333
ee7352f6-5fda-4796-9485-05ad315755e2,31.6
04516f69-65cd-481e-b33a-296209610291,6.033333333333333
a374d491-0253-49cf-9e21-916d9ecdfd94,5.933333333333334
ca696fe9-26fc-4540-8503-123bebb9c1f7,1.5
c3996d73-53e5-49f1-b8f1-7f16794fb666,23.783333333333335
8705f435-80ab-4ed0-9381-1d8f6fc4a187,13.133333333333333
8f90e031-5a33-4acd-a3dd-56ce90af339d,3.45
845ff3c2-8ec2-493d-acfb-ad8dce447f2c,8.083333333333334
32826c94-9802-44df-9822-57dc2e24f18d,5.233333333333333
d2458425-5851-40c5-89b6-464094ecc848,17.2
ad480dcf-e096-4c68-9ded-8d620c7ed3ee,8.816666666666666
07fad2a4-4da8-4350-b9ea-43d0fa473da0,0.5
22d602db-68e8-48e2-8db2-f8abfda5c363,170.23333333333332
82e1719f-a055-4a03-828b-fd5925499f19,4.983333333333333
6b5b9d41-7104-4ce4-8dd0-54aad21a25c9,8.55
7f49216e-2fef-499e-a2e3-e41580c02575,5.216666666666667
18c13ee0-3718-4545-ac5d-74c0d867c221,9.75
e418f2c0-b77d-47d3-b24b-9fa1a33c8b90,6.95
9ef55279-628b-4089-b4d4-0497d4528f6e,21.45
639fc1e5-b7b6-4636-bcc9-f7d2eedd3e3e,13.683333333333334
55a8d637-4ee9-4fe1-8afe-a3ea62f88280,6.983333333333333
c653a3ee-bd2f-4365-8187-22498ff61321,17.566666666666666
c7ddf098-5c05-4043-925b-1694bbfa461a,14.833333333333334
c3c773d7-8943-4516-9503-35b008555b73,2.85
df04a472-aeb9-49ce-b275-8d3ea37d519f,4.2
b999f55d-f81a-40af-bb27-c01232ce290d,14.566666666666666
e5db8887-49d3-445f-93c8-e68bddda0203,7.766666666666667
cdd6fd60-5c6a-4039-a065-38d948946f48,11.5
365a12c4-a055-4ab5-be6e-3056433360ea,22.05
62adfeaa-fc4a-46b8-956b-59a6621a1932,5.283333333333333
b37a7afc-d28f-49eb-a649-aa574523a461,6.483333333333333
a07aebfd-27a7-4148-b7de-5e4242ce4489,26.85
d5a617e1-70fe-4700-b0ea-394300046b8b,18.516666666666666
a7f8a783-c6a5-491d-bad3-bac838b896a8,14.916666666666666
716ae98d-f868-476f-838a-c39d19d5ff57,18.5
a22f729b-81d4-4670-b78b-14fe878387ba,12.983333333333333
19b30c9c-c29c-47f9-95d3-c8278b4314a3,1.8666666666666667
c6cc342a-e097-4d8a-be10-184238bbb4a0,2.6666666666666665
8252748a-e32f-44ff-8bfc-348cfabd3348,7.85
3195ff26-1c11-48ed-b865-3d8fecef475c,16.416666666666668
042c40ca-658c-40a2-b836-4bdc9fa9376f,9.2
2fd7aaf2-f735-4aa7-847a-1f684836fb87,9.833333333333334
edd2c1d9-4357-4547-8e3f-f6a10e73a6ec,3.2
1ca6cef3-caa0-46e6-9bc4-cea6d43d9c66,6.016666666666667
528c9ca2-9670-467d-8106-e434d8343673,3.3
0aa52144-57a8-485c-96d4-fa9b631ae203,29.033333333333335
57894b1f-4e79-4de6-a513-029de3277c38,2.566666666666667
45382ce8-e471-422f-8e3f-b448ae921a2e,2.45
c8c059c6-17a7-40db-91bb-b736ab99399d,23.85
85f8e321-40b8-4108-a793-0a9b82da4e64,2.8666666666666667
1485a954-89dd-4237-ad79-3ef0f3532ae1,7.6
c2b71820-11a4-4d70-8987-9f9237067140,5.75
ed31c20f-f963-4cb4-8142-e2fc0498ebed,26.183333333333334
77eeb02f-8e69-4bc1-ac42-56a321c40e1a,21.733333333333334
c4a5dca1-dcf0-48c1-84ed-e87bece36c39,16.433333333333334
9bb60d62-6469-4de3-be21-b3de6ecc318e,6.25
8567e44c-839a-4b41-a49f-39fac08f2802,0.05
df4ec397-6d40-488e-83b8-a3c011b82c49,26.933333333333334
2097b3f7-705c-48cd-b849-4744f5f363e9,10.116666666666667
3ed77027-58a9-4352-af7b-5b11d55355b5,10.583333333333334
7f34ffcb-18da-47e2-8f1a-455e20ea915f,23.566666666666666
5d638e05-5cde-45bb-8d15-e71131612abb,8.166666666666666
b8e675b6-cd6c-4966-9892-b7c91e6f1742,6.5
1d869c01-b2e2-45b7-8b75-b54a48ab6194,9.0
4b2bf0b2-526a-4a70-84c6-54843f856552,7.516666666666667
eb86bf65-e193-4b8c-8815-c7624073e2fd,10.416666666666666
dd790883-48ab-4865-a167-2c9ac98e13fe,4.8
303f8bf9-c04e-441b-939c-ccc1c79ff6a5,21.716666666666665
e0e109fc-cb09-42a6-adbd-090500fe8370,10.45
8c34ebd0-db36-4959-9a19-8702ab3f89e7,12.416666666666666
9f4e392d-2b65-43cf-b156-2c64288822e7,16.916666666666668
aba7ee7c-7da6-420d-9124-e98287215a91,6.15
772c36b1-9570-4d5f-b308-ff5be1225895,14.883333333333333
e1ec22cd-3963-412a-9939-2764635482a3,12.883333333333333
179c53c4-bf51-4285-b011-07ae7a1b6476,4.433333333333334
d1c9be3f-6272-4f90-a285-4ccb7b6c36d8,9.15
842ca1c6-c168-4130-9cab-dc6c22d5d30b,12.383333333333333
f54ba943-8af5-4a5e-a131-15720676974e,5.916666666666667
8972d943-d969-449e-afa9-1e251eb100cc,0.21666666666666667
fd8c3b3e-baf1-432b-9a51-25be7dfd899a,6.516666666666667
044fe39f-4cdd-4eae-9baa-d266c7a6af76,9.95
93273cc1-ace9-414f-9fdf-6e7505c161b0,6.683333333333334
b573374b-5e8c-429b-a182-cc0704d559f6,16.65
3e6369c5-2cef-4cd6-82f3-091b41e74ebe,0.31666666666666665
b4e16ad8-2ef8-4dd7-b65f-ce170890969f,7.8
e3179313-7635-4561-bba1-9ed532104d38,10.933333333333334
9e065126-147f-4096-97ce-7ffe5486822e,15.616666666666667
97b34cf8-a653-4fe8-8bf4-591eb3497542,10.15
5d6547b0-27ea-485e-b3dc-a8082cf616f2,15.666666666666666
b160c25b-e310-4471-b3c1-e4de42d7cd35,27.4
197f2661-1f68-4677-a805-07a1d56739fb,12.25
8a4304d5-9b8f-43af-a74d-775d1a9c7af6,17.733333333333334
836c8e76-4708-43f0-9b9d-f68d09a2b858,25.25
46efd64d-c970-41a2-8f3e-8076533e4f55,6.216666666666667
0e85451b-b9a1-4f23-96ca-66a081959e2b,12.966666666666667
165ebb2a-b5b9-4fad-82cf-d70daea6e317,3.65
05045d3e-2258-4b9c-9e88-4088739f24ca,15.666666666666666
4e2b6ef1-c6af-4216-a355-750122336599,10.933333333333334
613bd5d5-26b0-4fd5-b38d-bd3dcbad1f7d,3.533333333333333
1f52da4f-3ecf-43e2-9398-5b8e24d00d68,4.25
01cd83c2-4d8b-4507-b1cb-f1225ce8e95d,10.916666666666666
b74495b8-5318-4b46-9678-7208b9128f44,3.4166666666666665
a66a9e77-0957-4beb-99e5-eefec16fa2ed,12.4
b2695dbe-4f08-47ec-aaff-eee63ae89098,17.5
8a5a4e0e-9309-4ed7-b844-13286e39ea2b,0.03333333333333333
1da84983-0aaf-45e1-b6a2-c0836b0fe0c5,3.8
03cc7793-166e-45f8-8dfa-db5b793b4d98,8.75
699f1082-1244-4e93-99d7-f0b02775a191,24.716666666666665
56a23e8d-f184-46ff-9ecf-5844087dff2c,28.133333333333333
962776f6-688d-492b-b04d-bd68768b467f,12.583333333333334
cc8244b7-57f0-4a8a-8908-d88b333eafbe,4.966666666666667
f1829439-e89f-4506-a261-b4177f73b2f9,10.5
4927c592-e038-44ee-b118-02542ade1dfb,26.566666666666666
0e55def9-35e1-400c-b0ff-41dc88faa55b,9.7
4d279b07-941f-47f4-8995-678f8adf85fa,13.95
cb28b4d8-b588-44f7-8ec8-99551b5a3094,8.183333333333334
eea9819c-bffc-4205-a20d-022c7eaa9b2b,3.1166666666666667
10229fae-44a5-49a4-bc45-a9594b521b83,5.183333333333334
2d111e22-57ff-4907-b98c-a266f7d488fd,4.116666666666666
50165209-7af6-4beb-99a2-6db2dd5a78b6,22.966666666666665
8bc21dfb-cfe4-4bb5-9d2f-a6f500759d19,12.8
ebc982c8-586c-4d4f-aef5-761e1d9d82cf,12.9
e79365ea-a58f-4e80-93ec-34b8fce7f6ad,6.4
8db3d7e7-7d89-4aef-9817-17b92012c16d,10.133333333333333
cac87bf8-5b18-49dd-bbf4-d6d7b9138790,0.03333333333333333
119d3c28-7ac6-454d-b788-5d2754048c69,33.8
42eeb1d1-d801-4265-94e8-5da496e1c2c5,11.816666666666666
4e224300-6735-4acd-b468-ae73a462cdc2,20.333333333333332
7dd783c2-dd71-4ba7-aee3-d4173c539aa0,12.683333333333334
368d6d18-9b7c-4e6d-b38a-b24f5f19392d,10.983333333333333
5a7a7788-a139-4b00-836c-f9a20238ff4d,11.6
a5b3f1fd-af6f-4d77-a922-ad60c1fc518a,0.38333333333333336
5481e411-bc4c-4298-844c-6c4ea736d981,4.35
252fee34-6f85-4a87-9c2d-d46fd5ece279,5.5
321712ec-32a1-44bc-b38b-81436c5e2e24,31.833333333333332
82292f22-472f-486b-b56b-188e2b95d1a8,5.816666666666666
7fbb96ae-1ad1-41bc-a29b-78a0e2c13da4,8.266666666666667
b3d83a49-a0bb-46c5-91ab-cc9f07410574,7.733333333333333
95e5e51c-3486-4548-83a1-94b21d4ad189,0.11666666666666667
f59dcc63-d85d-472c-82f8-5fd9f68676d2,7.35
5888ba0e-e50f-4f32-b76f-f6356276fe88,12.433333333333334
8f9b9c7e-780f-41ad-a3cd-a28fb8ca94b0,13.983333333333333
114b4a3b-4126-4e03-9303-1429d5872020,27.616666666666667
a964f33d-eea2-4977-88f8-9919cbe614a8,40.266666666666666
be8f4e1f-a617-4993-bdb9-0b58d3df80f5,2.316666666666667
ddc31317-8129-4cec-98f7-6fdd7fb5e20a,11.383333333333333
43592073-2f15-4b9f-921d-5958a487521c,35.43333333333333
33b0f1f0-c7b1-416c-af4b-4a8fe3d86f33,0.03333333333333333
d21e50af-b85e-4775-9ee4-33bcbbd59dd2,10.85
f8610288-b742-4471-a183-a347b28019d1,10.433333333333334
ecbfc6f0-0413-4abc-8865-1a9337831e86,4.716666666666667
f83f4b1d-4dbf-400b-ad70-3de3548d2e7e,26.9
55153bc6-48d7-4e4d-968e-c787d0024db3,17.866666666666667
6e74d02c-62b5-47e9-8f50-6d87f4636aa5,21.3
c71c1885-c1c5-4bfc-90b3-4c413bb4147e,24.05
32b00929-4879-40ea-802a-3a384762765b,9.0
1ae79a22-85ae-4eeb-910e-bb9c0b9ee45c,4.7
d445800a-81f7-45e9-9deb-06e2852d5dc2,27.35
7129ee45-b260-4d0e-9392-5f70d995ac56,17.05
84cbbe72-13a1-4800-b5d3-044888771880,16.983333333333334
45e593af-c825-499f-be89-c0915195b3af,4.8
6d096910-78bd-48f1-9afb-632b828e1817,5.883333333333334
a85843a7-25b3-43b0-af44-cba575fac16d,13.416666666666666
819cbc46-82b5-4d81-b244-51e4f2111408,10.733333333333333
b8f9dfe0-23b5-4cf5-8632-0b8e15216f09,3.7
9a04cdfb-43d2-4db5-9653-fffb938c5658,11.566666666666666
c339a514-003a-445e-b4a0-c976f27c7be0,17.533333333333335
53f9adde-2f97-48bc-bcd1-8b1296da6756,32.666666666666664
05cac50c-092c-4a53-8e72-72fd5cf7721f,6.5
0ad74eab-eabf-43a7-b6ae-661c75bd9b7d,15.866666666666667
95433916-c41a-4c74-98f3-f3ca59090adb,6.233333333333333
f0c6c785-1d82-487d-9bc3-cc17ee42e8bc,12.583333333333334
c423dc7f-cdb1-41d3-8dfe-1ee1b78ee0e4,0.06666666666666667
fecf8ff9-973a-4e22-9d4d-f47718cdbeff,8.65
e9f4f7c9-6262-4668-8140-6e002f46a89a,23.516666666666666
5590f9ab-73a5-402a-8440-c7d31119013f,6.85
c8263173-01f1-4794-9f6e-59b8f620cb6f,9.416666666666666
45aa3efd-a027-4721-a0b3-f01799103927,7.433333333333334
a2995d2b-68db-4b0e-a73a-66545b89b478,14.116666666666667
38726620-9b3e-49d5-89b8-d0cd80bdaf68,2.9166666666666665
39dd632f-83d3-41f5-96be-72892b2f3830,6.766666666666667
c9fde5c2-310d-46f7-bd76-e3a536d3c3bf,5.383333333333334
dd07d7f9-377e-4be3-8a35-2451492e2cf5,10.05
8b347a78-5c81-440a-a929-3822671c5d4f,8.683333333333334
08c848a3-5e3a-4675-86d4-2e6dd6fce37f,16.633333333333333
542fbd5a-8629-4757-a6ad-cc08fd62500c,42.55
07e09175-f550-4e61-949f-4c4e5c8d0068,16.516666666666666
babe4287-e9eb-4d70-84fa-ed66f2e3fb99,0.03333333333333333
b66689b0-af65-4583-9b87-76c4de394d03,16.1
50c33b5c-e72e-46c1-94f6-12aa3fd58933,3.45
38fa7a95-ae9e-44fd-987e-6df3ca2dcdb9,7.383333333333334
eb8d3582-8e22-471e-8006-331c1e65800c,15.883333333333333
ecf3f4cd-0aef-4f13-bed3-eef49a98f0c6,22.15
4500ca41-d5e9-4782-9aa6-f79e1ccc42b3,5.15
34e6ca1d-2acb-48a1-b50d-1685a3034e7a,10.683333333333334
77d5e7fe-65e0-4a2e-95ef-5703c715ec8b,13.683333333333334
352e62ba-8781-4773-9136-fab04319116b,25.1
7dc958e6-7e3f-4cc6-91d2-6392bb447f6e,11.133333333333333
1b39f2ac-1f62-49fa-bed3-7b91611db1ac,31.3
ca3a1766-8317-476e-a7ac-f1d49a60d62a,8.45
0f5b30a0-2828-4432-b75e-9c49b30bb78e,6.15
9884ac48-380f-47a4-aafb-3234d7bbea37,8.4
8da26b05-b0d0-4b3a-a47f-c2c7f281f6da,4.8
3f79c228-a9f8-46ec-a100-5014b6223aa7,9.15
d888a5d6-adc6-469d-817d-ca385659639f,13.766666666666667
0b2d7de0-f818-4f1a-be30-8cc3ec275c15,3.2333333333333334
7cff46ef-d074-4846-abab-882e8bc68b01,13.933333333333334
b1669837-3508-4eed-a308-269c87762794,17.366666666666667
1c9a74df-1443-4d4b-8582-ad6c25c191a8,11.716666666666667
75dcd082-46b5-4047-8e96-7a9fcafc3f4a,9.616666666666667
c40e3d4b-72a0-42e2-a903-307b23417bfe,44.416666666666664
d580f8b6-a61d-4c0a-983d-8f365ce59517,15.033333333333333
1801ed63-7e9e-4fbb-8f29-fc3f46c1a07c,16.4
f3f0ed1d-94df-4ec0-8469-19f649319676,12.666666666666666
edfacb7d-34ba-4b7f-a1ef-90f3ec5cde54,0.18333333333333332
79d1e37b-ff17-425d-a830-7acae13f6dd5,15.516666666666667
c83022a0-a151-45da-ba1a-3fcb4c7b4880,15.483333333333333
92d65d81-2a6b-4bca-92fc-c7babc1112c2,7.0
2568403f-cd31-49ad-87a6-660d09cf248a,15.25
5e31cfe0-7f83-4929-aa2e-81df0a64a750,21.883333333333333
c7000f14-074f-401d-b26a-2c5141787f0e,20.55
92ef3763-a385-4e27-93de-0493dd6e0645,6.916666666666667
a1a4da94-acae-4035-9046-836ee46426c6,16.95
a999eae3-36b4-48bb-b572-7b5f050c4ea6,12.15
37dded65-83e0-4a9b-b30f-675ce76b9ed4,23.016666666666666
43cb4434-611d-4b96-b5dc-fd353399959d,11.383333333333333
8de23924-2424-46ec-b9df-c7b84cf38fa3,15.95
5314a28c-aa7d-4174-b343-fbeb905bdde0,14.683333333333334
150c0048-d57d-4f46-a714-609cb780a9ca,16.75
681e0202-22e9-424f-a626-c09f8740c269,9.483333333333333
f505564f-1e34-4e2f-9402-8321987b75d0,5.016666666666667
9e0056b8-7db5-42a4-ac4e-1e81b0244ddd,14.75
39925ef4-4444-4ea4-98c6-09cbd5bbcc2a,37.0
d5901120-ebf3-41d0-809b-50487b098b88,12.833333333333334
d295c1d8-9fa3-4bad-a915-a0cd3e551f91,7.25
d636305e-8af1-4521-8cad-d56f43fd2df4,3.3333333333333335
ab835fd2-e254-4010-92ce-6e3c4514e106,9.716666666666667
0c221683-7ca4-49c2-889e-c703cb2ba692,10.6
80a274ab-69a7-441f-a3f5-d4d846815808,6.183333333333334
265eca52-1b3d-4e9f-b1b3-6ffbcfd4edab,31.866666666666667
199c60fd-09d5-4b10-9cd3-ef4212eecc8c,16.85
d805cb67-2d43-4a23-aade-40256a16108b,7.416666666666667
e3aa6cda-076f-4bd7-9578-78923ea4c644,10.85
cab20f6f-c42c-4bd8-8d12-fbc642c50fc2,8.95
8e5fd5f0-05ca-4506-a976-af558832659b,6.083333333333333
df088cfc-abe3-4da3-9ac6-e92a0f96bf83,11.666666666666666
815371ac-9645-4cd6-893d-15856dba7008,4.583333333333333
74755e41-d3eb-48d7-bb41-12a4338615d3,9.033333333333333
37d6e232-821e-48aa-932b-58c2677d41d6,21.716666666666665
d63d365e-bdf3-4515-8714-8fdfb7def83a,16.883333333333333
e095f469-5c0a-4e64-8309-3f7bfcecce44,11.916666666666666
d8511450-aeb6-43ef-b256-54bd0cd8ce5a,16.1
2b1c08f8-0041-4020-b24f-013f5908e54e,17.533333333333335
c5a282bd-179b-4c2f-99dd-c2c004fd5344,11.466666666666667
6f1d7594-ca59-4557-a022-0aa385d13b19,3.316666666666667
639fd595-5125-4d9a-a793-8c261725b0ce,8.65
d12e2d29-f0aa-4663-bafe-0b0f2aa2f49c,6.05
67b0db1e-3366-4246-b080-e6f4db9c52c8,8.333333333333334
dbdaea81-5d2b-441b-ba4e-029e591a5d46,11.083333333333334
0a1c63c0-8054-4400-a7ed-6c685e19d0dc,23.433333333333334
b6ced191-cd81-40fb-9b63-93b085c962c5,12.05
7c4eab47-6eaa-4b81-ad62-37d5957c8679,6.266666666666667
d2d38c78-dcd7-4db9-986d-2b4feb647e39,10.2
059b6cf1-bd61-4062-9895-6b2a8ecbe2ed,13.566666666666666
96391e83-0d85-40b6-858f-5c22f28efce3,6.733333333333333
6fa89adf-bcd4-4f72-a808-76e0cb427d6a,21.683333333333334
8dcdf902-8f00-4384-bcae-bdaaed21bd54,13.6
366c85e7-8f90-4c3f-a7d6-d49364053a4a,4.166666666666667
e7a06a19-b73e-4d43-8a03-3cd0ca523518,2.8333333333333335
fc0ac424-cb9e-4ead-8261-02429053a9d2,16.566666666666666
0395afaa-656c-4eb6-8f80-df48ce34006e,8.0
debc4ea6-1067-43f1-9dfd-dfbc0acfb929,11.483333333333333
78b8bd70-181b-4b08-969e-3c0167373035,3.8833333333333333
4a82c281-24bf-43fc-9046-af05271a8541,8.3
924345db-3b16-44e7-83b0-0ba9f621e1ad,10.666666666666666
be4e161a-021b-455d-bc43-5787022ea619,28.116666666666667
3d2c8ad7-b13b-432d-8a77-f85f7db57f06,8.65
2a61899c-91a5-48b4-b709-d83cf27c4575,4.333333333333333
a4a58aad-6095-47c0-bf88-146d7268633e,5.5
3a31eab2-c9a4-4e94-9579-0512c099f3c3,17.2
86fad081-7a02-462c-9b39-82f6e82f85be,4.4
47927c80-e165-467b-80ac-36a92c31fff0,12.933333333333334
6488b1f0-7cf4-4a8a-9a88-b13c5f69e6a7,25.666666666666668
3d156d54-2a79-4985-bbd5-e3ac910f6e24,5.6
5890291c-4554-4aa7-b9f8-d7d6a028fa3e,0.13333333333333333
adbff777-5aab-484d-b728-9091e0009860,37.083333333333336
74139bc0-201d-44ad-a10d-a72a817f819f,6.583333333333333
92b4fa85-19e8-47d0-9d16-b51ff0c4178c,13.65
8d58c9c6-f75d-41ad-9986-83513192bd7b,6.866666666666666
621b81d7-6d81-442e-bf0e-44cc0d6ecd66,11.45
28a14f8d-5676-465d-9d8f-060a5ee38914,14.433333333333334
f77ee93a-b4fb-4310-aff7-e52508612223,0.05
39041d15-567e-45e5-b4f1-904325d46208,15.833333333333334
8fdd7274-834a-4525-907b-b809e9f59e69,4.866666666666666
7440355a-acd8-483d-8228-b0d5f7de8df0,20.183333333333334
385e5602-1875-4107-ba07-06a3674ba4a6,16.683333333333334
7d253ecf-7056-4b29-82bf-51334a17f4c8,32.78333333333333
97394fa6-8af5-470c-84e9-914344a48eab,3.6
9359c95b-e853-46bf-a968-9ce430a3e297,13.766666666666667
532e5813-0aac-47ce-b164-b0a51ef90edc,2.0166666666666666
24505307-f912-46f0-b719-21ce722596ee,6.866666666666666
e6cc2a13-5fc9-44c1-b591-1602f8d4d50b,5.35
b7b2cb19-f924-4527-86fc-8e0ed0597095,3.683333333333333
b12c73f9-17e6-416b-bf42-2838e6fbce5a,4.383333333333334
66b5b8c8-982c-4866-8a31-2d4c9dfae51b,11.166666666666666
e531ac9d-1cc8-4145-afa7-648506cbb866,12.3
4d4813c9-8c91-4358-a7d9-b35e7ed065d7,3.15
45ef24bf-1371-4a37-9e20-45a6520822dc,0.06666666666666667
12e15969-a589-4af9-99ed-f7deb785766e,9.933333333333334
0d056919-17ee-4609-bc3d-d7809a1cb79a,0.016666666666666666
1f805e72-87b0-45c6-9439-c41795162105,16.633333333333333
b23c6b67-fafa-4996-89eb-0ce37975b160,0.03333333333333333
4f8cd07b-22dd-477c-bde3-bec4bcc93868,27.95
7ff4da76-5b93-48d4-9f36-97e7a355a7b7,8.133333333333333
c6a5f97d-674e-4960-bc83-0620e85761a5,7.766666666666667
5cf290ff-76d2-47f9-8abd-14bd9346d862,25.133333333333333
e64fc110-8772-4df7-9a2b-a9c05776f485,15.95
45190ed3-3107-478e-87a8-2abda40c3a8e,8.0
c7fc586b-ba05-453d-9a5e-8835392a6390,13.716666666666667
6cf18eed-b692-40b0-a965-a47d945f3360,14.933333333333334
8fabac86-4268-4ba9-8c85-27a482517892,6.333333333333333
cf37bd77-e69a-4d96-b314-46ad49624045,9.5
3367a80d-8cf8-4148-9042-47b086bf6fc3,14.9
fd7484e3-1466-44b4-b1d8-da4c0f578a15,2.533333333333333
0e2f89c0-2f38-4592-bf50-402ddca1c43f,20.1
929a2e7b-01dd-478c-aaa2-165ca5fe6a82,10.6
6c3d4c1c-3ab2-4d60-b190-9d860daf3112,13.933333333333334
df59a5e3-28bd-4baf-a0a4-612803b9f6dd,7.85
c95f93aa-16e2-410f-9c24-09cb24ff318c,0.08333333333333333
0b20216f-780a-4358-9451-ed6487223b01,18.166666666666668
23f44ad4-e36e-4275-b37b-c5e5eb838c91,4.816666666666666
627f8a34-e882-4dcb-b36a-b89fa1704fbf,3.783333333333333
8871e998-29b0-463d-adcd-c5bdba953ea0,8.666666666666666
d9905827-5609-443a-9957-31d86b3ae9f2,4.783333333333333
89143a9e-7536-437c-861f-9e348299f262,10.216666666666667
ba2491b7-f18e-4f4d-bcc3-d71ce4ef5449,7.65
1c8464f2-1908-4c54-afe9-1bcd0c250723,4.783333333333333
93f521fb-8b1f-47eb-a959-b555ba279952,7.416666666666667
24f39a07-055e-45cf-8223-7f2770e1ec79,4.233333333333333
ad6a5ecc-2a79-4a74-8154-0fc826ff5552,19.866666666666667
fa7638fd-1ceb-4135-bfb7-fc700e2272df,10.433333333333334
a0c4f88c-e89f-4caa-8f63-679b5d25b329,3.6166666666666667
3e7e9172-1edb-465d-b279-3dc3670d3355,17.516666666666666
c5548335-e1b5-4471-bc01-069ba5358107,41.2
1c2d4889-7b87-45b9-bdcf-9f6c103790ea,1171.8666666666666
b7294f36-9ac5-4415-837f-630a45e8d9aa,18.333333333333332
d99c013e-c131-488d-b46c-41679fa65c84,21.916666666666668
e2de6e8a-0d3c-4bc3-b287-64f0369800d6,9.3
d72e1604-f483-401d-bc0d-32e3109e6993,10.0
2326436f-2032-4339-980e-c2cc25da75ea,3.6
472c912b-8352-4cc4-b636-92f77083bfa4,12.966666666666667
9efc8978-7770-42d2-a2e4-2a02eebd9e9c,4.083333333333333
ddf0ae91-f0ac-4c38-b687-683af64a3915,0.05
75550101-55c2-477b-8741-bdc6f96f0f41,50.3
5cd92306-b7b7-494a-93d9-d58e3231be04,9.583333333333334
fd37fce1-6913-4b19-815a-ca51d0d78b83,11.066666666666666
51e6f80a-1cfd-4500-be96-f7ceb4648780,8.15
967ea642-0380-41f9-98fe-f5389881e4d1,15.966666666666667
8b076424-5b17-4697-ae7d-9d5062476609,9.95
89ac768a-4dc7-4fe2-a2f0-099d4b54017d,14.983333333333333
397bde0f-f90e-472e-8dcc-e4b36128fcc7,2.7666666666666666
36c9141a-5a1c-452c-adad-8ad018e40c7c,10.516666666666667
161d805c-cc61-4ed4-8c4a-f8e6b29e609b,17.916666666666668
0a55751c-3b04-4ce2-98d6-b32b61dab291,3.1333333333333333
a96eeba0-64aa-423e-bc1a-8fcdf134abdb,9.566666666666666
6162a8fd-0354-4d47-96b5-7f749a350f04,5.833333333333333
1b2ed6fa-9613-4d54-9747-2e4e525d057a,7.783333333333333
1e402f17-3371-4142-91c1-080ca30876ff,8.866666666666667
0476db2b-0701-4437-9c8d-391687042a2c,17.35
7fbd4530-7ca6-4658-a244-cd1e8d2aeb6d,6.566666666666666
46c89a25-94d9-4716-b1fe-5b8845c956b3,36.21666666666667
698948b9-9c4d-4e64-9985-37336c565f2a,11.733333333333333
6d1a0957-42b6-4737-b8e9-fa9e0ac5819b,5.0
f090c6e1-612a-45b0-ae5c-bce4884ea5d1,10.566666666666666
41fd86cd-ab55-4f4f-a08d-5c98690f04ff,8.8
ce30e28e-6448-4598-8b79-4954e009e632,15.45
0ac087fc-15f7-4771-9cd5-6585315c04db,11.216666666666667
21e18dc8-3e38-47b6-acd1-70769a5e4675,6.15
c90fa587-bbf2-4298-9495-02b03f921066,12.2
0b047ca1-3069-421a-ae64-4c8c33675219,4.116666666666666
9c951dd4-7a0a-45b8-882b-84fd122aba77,10.833333333333334
632d309d-a02e-4847-9d5d-445f6edc568d,14.5
933998b4-bc04-4af0-b6e8-cf9db77450ca,19.166666666666668
6c947a35-5eaa-4a2e-9fd9-42077c24b394,16.216666666666665
0841a603-5bad-49d2-adcf-b16d1a14af77,7.933333333333334
d87cf36c-64bf-4365-98d3-f10ba3628374,3.933333333333333
a8dcbc1e-d31f-49f5-b74f-94e4ff92ccac,12.216666666666667
d11cec07-b0d1-4d23-9c2a-834a45bd6197,11.383333333333333
721871c2-dd0f-4897-9be8-5dabdaf850d8,24.866666666666667
695fccd5-6afb-4d34-97cd-ebd56596bd47,7.833333333333333
94d5e881-1c0f-489c-ab4b-82af7c7b627f,34.61666666666667
03fcbeda-edcf-41a3-91b7-926bb5151852,26.833333333333332
644e5fdc-960d-46f0-8b8d-df36eb7ea0f3,3.933333333333333
b23dddac-fb8a-4fed-a18d-6cc681dcf71d,8.85
3d40fd01-6f0b-427e-ad17-a54789c445a5,9.416666666666666
2f19e18c-6863-4654-9ad5-553c8e807119,11.616666666666667
85d626c8-526f-4b4e-9fc5-dbe028667d12,7.816666666666666
74fa0fc9-6144-4cca-9876-ed3d16a4e546,15.75
df27ded0-89e5-410e-b92c-aecc26fb6132,15.966666666666667
a5443a59-0183-44fa-9514-e410255e96e2,7.6
c358fbc1-93a2-491d-9af0-64d8f5148039,27.933333333333334
67a85db0-9898-40fb-b3d1-a6fba91c60f4,3.8
528f6267-9b29-4caf-acad-26b81406f0c5,11.566666666666666
29a22e7d-af90-40f3-814b-acd82ac71f5b,3.283333333333333
08fde2b5-7162-431d-97ff-75d35722e817,3.3
136f4734-d42a-4afe-bc68-13fadbe011f5,10.266666666666667
484724e5-9e39-4834-aa0b-622ce4e08a23,26.1
f9a38eae-b97b-4b3e-9b36-c2443aaa21f8,15.666666666666666
0232f2fe-eb24-4d7d-9de4-04752b0d0cad,7.666666666666667
b05da0fc-41c9-4653-b86b-8432d4db44bb,14.083333333333334
929942c1-af9f-4e5a-864b-546bc629ab4a,9.966666666666667
01f95784-b60b-4679-8173-2b71942714f4,8.133333333333333
285c3200-9921-4b01-8871-3fdbf71258e5,6.383333333333334
9bd81874-d062-44ca-9c01-58dbed413baa,6.766666666666667
8d9c3c70-81e3-4306-9d1b-b8937cfde9b8,8.433333333333334
967e195a-096b-4d25-bdec-08472957d0e6,8.233333333333333
58784b61-0bcf-4a62-abf6-d9e4d3f81d2e,9.683333333333334
65c28bb7-9889-4334-ae47-5d8de38bc8c2,7.316666666666666
3169a29f-96fd-4ed4-bc76-451c8f123f2c,18.1
c8901170-3289-4549-bc3e-3ca100bd8e73,14.35
f2fe8353-90b6-410b-bc0b-61787d2740c7,6.866666666666666
6b876928-31f3-42e1-a046-bb4c83550699,9.9
a4cd26d3-6f75-44f2-94c3-da3c4306450e,13.916666666666666
4e0a6daa-0900-4c50-8779-7e3c7f7ee2b1,4.666666666666667
e071df57-baf0-45b2-9b70-5ac3d67bc212,16.083333333333332
ada8a615-4feb-4f33-8b98-74bcae9af71b,16.033333333333335
1b558a29-fab3-43de-8310-208208ce6ab3,1.1333333333333333
ddbbcf77-3e21-4dd3-8743-f2cb812064cb,7.95
5388dc40-6e97-4d19-936a-ca1d506506f5,3.3
ad009739-8222-4f9c-8a75-695edec00e30,20.616666666666667
50331b6c-45ca-4895-9680-bfb7a9e735ac,21.383333333333333
75f17294-3465-4257-be91-b09f88629aa9,20.666666666666668
660e4114-23d4-413c-90ed-31ccd0144fa9,13.366666666666667
6616a409-63e3-401a-89ba-edae4947fda9,14.783333333333333
51d44d48-17bc-4819-b98b-835bd2789b2d,12.583333333333334
b3d9552e-7adc-4be4-862b-f9f7777012e6,8.183333333333334
64c44295-6604-43c0-bf9e-9e6b776c5d51,16.3
92809c42-d488-43fa-9ab4-99f6d8f97f1f,6.583333333333333
8f06a277-9424-411c-9107-7880c973b3cd,11.066666666666666
68bc6708-f168-45fb-8bda-fca91c999cbf,9.683333333333334
bbfc3511-371e-4472-b3c3-e88fe4d246cc,14.45
56ea962c-b4c8-415f-881f-cd05315f63bd,17.2
441d3d03-378c-4fed-aae9-1e5a85c9d367,23.066666666666666
ebec7893-a50c-4753-a8c3-b6a7c0050854,7.133333333333334
21522fb6-7586-40bd-a877-7e795ce48451,26.6
39ba3dc3-f819-47e3-9bf9-538c8cb82ff3,11.083333333333334
887c96d0-f2a3-4e95-8715-aadc49efd69e,12.45
83975d6d-1eaa-4a7f-a375-77f6bbebe102,7.833333333333333
2217eb69-c94e-4f1b-b84c-7ff65ed3557d,4.183333333333334
4b32f244-fce2-407b-a95d-6501aab817ed,22.4
3ada3dd2-31a3-4b59-9706-eae5f425f816,6.083333333333333
9d6dcee4-beec-4f49-90ad-55cf60282dea,26.566666666666666
0c725c3f-067b-419c-8ac5-d2cef47c5a7d,17.4
c94834da-df9b-40ec-93a6-7c62cc9cfebe,22.566666666666666
f68e5995-889e-4624-92f9-da937117010d,31.25
c973d91c-8a40-46c0-acdb-61369ab62f9d,12.216666666666667
e863f693-5a37-4022-a919-a5884646493f,7.133333333333334
ea56e730-ed6b-44f3-9f2d-f230418aab61,12.233333333333333
34bb8588-7c3c-4885-a563-4a7870b85b8b,8.45
e8bf7d8a-3f97-4996-990c-bf444458c1a6,10.6
5bd2dcb2-5585-48d7-a2f0-b3eb06dc0e8e,5.583333333333333
3b197d2c-71ba-460b-80c7-272ff136a8e9,13.55
e579d831-cd58-4ea2-9286-5c2b5673991d,0.8166666666666667
ed52ab75-9b27-430a-a499-8c65fbc95edb,43.78333333333333
50ea42b3-f0b4-41db-a5ea-7ff97be3dde7,14.1
1c34d8a9-dbd6-4cba-add5-d89892bc01f1,13.866666666666667
f11f7759-f086-4dbf-b9ec-faaccfa8b378,0.08333333333333333
0cb9ce7d-cdaa-4fc8-8c76-13544cef9bcb,4.816666666666666
f1bf2e64-6da7-4caa-b834-cb0009b47b82,5.433333333333334
b59e4f25-640e-44e1-9b74-373d4b3c9b39,3.4833333333333334
5a3a98fc-f003-4347-a713-d70e6078c8dd,17.433333333333334
4c94b8e5-0bad-4b39-9ea5-3c0954f9eca5,9.316666666666666
6317e694-1f2e-4889-b517-fb5b4edceece,10.716666666666667
7db4b6c6-39c4-4d38-985f-6aaf992b42b9,10.35
5fddd877-08c2-4a09-b350-f3091188ac48,13.35
dbe7edc2-7a26-4a48-aaa6-99c6f4d2c2b2,10.333333333333334
e1c3e637-808d-495f-ad3e-6aacc139afc6,4.3
0f003f73-cbe6-4c2d-a8ad-6175588fd889,26.816666666666666
0cdaa44b-f2ac-49b4-b9b9-af0366fdfad8,1.2
8bf9e02a-b3b5-474f-9ff7-69dd910dfbfb,2.1166666666666667
89cc64ad-f2da-465e-b532-79c510472335,18.966666666666665
6c9d619c-692d-471b-851e-fcfc55768851,13.166666666666666
30e1ff89-79cf-4604-aa15-5eaab2d8aa8a,8.583333333333334
d211d0ad-4929-42b3-b984-4500e6baee24,9.75
36b355e7-d8fb-47b7-a2cf-46dabcb03d53,22.45
a99dc419-46cb-4b50-91da-9b849edee37b,11.483333333333333
779226b9-be67-481f-a6b0-d2e376be3066,6.7
f976eaa1-b15d-41db-a9af-f883e1d459a9,14.85
f36aaec8-c9c4-4945-bad9-7550ec5b5b9d,8.8
a34ca7dd-4aac-4baa-ae27-f744b8f897b0,28.45
13d06d4d-afa8-46ad-8a9f-10405de5df88,16.233333333333334
87abebc8-adc8-4449-9fb7-48b593c0cd87,15.166666666666666
f71aff6c-7cd7-4e4e-ad5a-322f73296375,6.05
f3be4489-fed4-4e98-83fd-c53bb4592f8f,4.2
a582497f-2022-41c0-b28b-26b83bdf57c5,4.2
7cb5cadb-387c-485f-85fc-20594f19e1c4,2.8666666666666667
b8705e97-f2c8-41f4-939b-a7f3f8188f7c,13.616666666666667
25879d03-8c5f-45c6-b31a-c228afd9f059,16.816666666666666
8af3c676-1021-4968-99f8-95b73e39943f,13.65
5c560d58-a456-4e9f-844a-a2d88eaa37d3,5.766666666666667
4688abf3-0e2e-4b4b-8ab9-a6db6e547adf,16.466666666666665
d65e0057-53ab-4cae-922a-62a853075d6e,20.6
e995f88c-18cb-480b-b439-c6b30092a7de,5.716666666666667
17216b5d-9feb-4e93-9d0b-77a6fcc5bd51,6.433333333333334
a5cc3319-109b-4e25-9d4e-f25140440a00,4.116666666666666
9a8edb71-251a-4a13-9836-5cc7f7766d73,7.05
51b0b05f-2572-45c0-9d09-17e2c2851af9,8.533333333333333
f4e83625-f890-4c32-82db-17eb750c60dc,7.35
e3cf6af0-f877-4747-95af-2a0727423b6d,10.65
82d34681-3f7c-4ed7-97a3-53a0ee61edc5,10.15
ccce46f5-3017-4b04-9977-568ee4f5b561,1.6333333333333333
e8d01c67-c055-4cd5-8292-e36aecbaadb8,4.783333333333333
f4867f36-b814-4b67-8021-f0a25195ff74,2.95
fe4bfea9-c129-444d-aa02-6a523caf8680,7.866666666666666
e95131f7-43e3-4e67-a839-a92db323ff53,13.15
4cb1faac-34a2-41e4-bfbc-d1153ef4af5f,5.833333333333333
11896426-cfa6-4299-96d0-8784359f28e6,14.783333333333333
ee989cd7-316f-47a1-9a4b-7bf36ec5770d,4.95
8c14a742-5f30-430c-9f11-182e0a8a4673,0.18333333333333332
497bb2ab-db5f-4365-a04d-8fbb289837a8,6.55
63e5b9ac-612b-4d3d-84ac-57d972864e0f,15.916666666666666
a07615b7-ae3c-4b24-a133-6f834e6d9cba,12.183333333333334
9300e877-e8d5-4825-a26f-d6f7fd1f8b60,16.983333333333334
4ef563e7-04fe-4bb4-adcc-faae34622f2f,8.016666666666667
e9994a19-6a2a-4342-a63d-ca800e7e2d27,13.733333333333333
96265405-8589-4905-9119-d772854cb84a,5.116666666666666
107d72ab-c694-4dfe-865e-9c8369a51317,7.65
a3388152-8f56-4875-bb23-108e7a0aa753,0.08333333333333333
6c3607af-0642-4b5d-b5f9-f37b2017dc1f,12.266666666666667
9f5f772c-3dc7-40f1-8042-56c2dab142c5,0.4
0adb9818-ded4-48d8-bb14-4abbc746645b,21.733333333333334
d1b7dd5f-b7dd-406b-ba9e-dfec85d1c219,0.05
676b71a6-24e0-4c4c-9873-c9d17dc00cf0,9.883333333333333
25625082-3041-4e6b-b847-3e16b2359e36,21.166666666666668
a89417a2-d004-4c62-8c79-0ff8685be3ed,8.183333333333334
ef319ba5-cc5f-4738-b1ed-29bb6ebabcd3,6.166666666666667
9a9bc148-34b0-431b-b3c0-c7771ad8de89,27.483333333333334
2d47a1c0-0f19-44d0-a8c8-48128416a70c,15.216666666666667
525f3337-1e1f-41b3-b352-a82217a2fef1,3.033333333333333
1533ceb3-02fb-479d-96b9-2870245245cd,11.616666666666667
995265ab-6566-4904-bc9a-9848dc8a6090,1.7
3dff16a2-6fd4-479f-9d57-7690689e0831,5.616666666666666
1b8d7efa-2230-4cc5-8b21-c6ea01e92694,6.316666666666666
3cc6219c-1c57-45ab-b89d-f7dd7838099c,7.05
f00cdf30-e37f-48f4-ae3e-6f9e88e36bfb,12.116666666666667
b985ebc4-b6d8-4621-a9ca-e53140807acf,0.08333333333333333
fe434c39-6b0a-4ab6-8908-baa3da3fcc4e,5.316666666666666
7fd0c149-76c0-4700-99d2-6d3411dc5915,4.45
affebb95-bf4a-4991-9834-17e8742b5183,12.55
bebda31f-00b7-4b72-a7e6-569d6246c9d7,23.25
250d936d-d53f-46fa-adfb-350052cd1387,12.233333333333333
1b0a7e69-0672-4bb5-8071-398317de5dc8,24.7
3e7de489-8045-4d20-9d06-53fcc1b3569d,4.7
31f2ce8b-0971-4bc6-9c58-24ad80a0c08a,8.9
4d194e72-d711-4a6a-b4db-f55ab88497af,3.066666666666667
4b786a76-b788-495b-aeb1-269c85b10408,7.316666666666666
5a55e023-81eb-4342-b3ea-c5af419630db,21.083333333333332
ab697fdd-beb3-42d5-8422-567a2e730544,6.35
d3539b4c-2e0b-4df1-b65d-c38d7663f428,23.55
d811e075-1997-4d37-b6ae-6247c7c5524c,3.5166666666666666
db58719a-813b-497a-a785-403aea823d94,8.3
e1d8823e-85de-478b-8e5f-f1680f1f52ec,27.616666666666667
9f808be8-82bc-4993-9bb2-66cc230dd131,0.16666666666666666
88d7c6cc-d677-4c39-b998-556f04339975,15.083333333333334
f81d0cd2-e4d8-432c-93a9-bca43a6db15d,16.5
3004699a-eee3-425f-b22b-9f0b5556b1cb,129.38333333333333
1a267666-9ebc-4beb-8fbb-6fc30540271b,20.366666666666667
1e4af954-f50c-4e84-9433-99a98028aa5d,0.3333333333333333
4551d65b-db65-4303-b7a2-0f9141d6f2d8,3.0833333333333335
a4b1efc6-edcd-4d05-8eb0-9c8ac9f463b1,14.466666666666667
c1940d7b-751d-49bc-b66e-0ef10ebdab44,6.516666666666667
9186465d-5a79-425d-bc55-170d8c0de82a,6.433333333333334
1c957efb-48fe-4396-8e66-1dc7164fc38d,10.466666666666667
a2dc1507-ea30-4a80-93d9-39ca1141207b,25.266666666666666
10930f2d-3c43-45f1-8282-0f162f14cb2f,31.0
03f7328f-b32d-4b91-80ef-73a94bb7d559,69.93333333333334
b9ae5e68-e4ce-4fc3-b3e7-48cc088d49c7,8.8
c0024c21-0777-42b8-b305-d213fd7e2e00,14.166666666666666
d3cefee7-ed7e-4f6d-a269-503cd46c0ade,5.333333333333333
dc251cdc-051c-46c4-b5d5-39c224b817b7,0.08333333333333333
67c5bbf0-436c-4b3d-b0f9-5bd72109a378,6.383333333333334
023669de-9737-450e-bad9-dd3d762185c0,0.06666666666666667
d9f113fc-0315-42f9-a8c6-187ecbbea836,12.3
56b18d2a-2769-40d3-8b10-aa48e8cfb643,4.383333333333334
206d01fe-f188-42e1-b69e-190570a0c482,1.3666666666666667
a00fff11-e069-4ed8-ae4e-e2843fd2fa38,13.683333333333334
f1b245e6-e086-44d3-92ae-b49c3e20fa5c,0.26666666666666666
c99ba436-e199-4839-9585-1247a188c90c,7.4
15489821-1a8f-4572-99ea-2cca94e7b1b3,3.283333333333333
943d016f-d856-4e51-936e-3a0bc8d8bd9c,7.683333333333334
c06a14a0-7a4f-4a73-8b1e-1dc7dec1bea8,14.466666666666667
bda18d99-ff59-45e8-8943-677a71d2acfc,16.35
cc6c3f30-6075-4984-ad08-ce6f2d174942,32.18333333333333
d601ff21-3cfe-4fa7-8646-d5ff09409574,30.716666666666665
7043f4a3-afcb-4bed-95db-5b6305bedd0e,14.55
f7c1e0bf-e617-4724-8452-662dbbdcec3e,19.683333333333334
2792a98b-e272-4496-bd4b-8b8848584fe4,0.5166666666666667
24f9e0b4-98a4-4241-8261-db14a12eb445,4.933333333333334
ee5cce1f-91e1-4aca-978e-50a432839f41,23.433333333333334
1172b920-d284-450a-ac71-674bc8193604,0.6666666666666666
b42d2010-5b2d-4748-b5aa-d75031583cd5,5.65
fd76fe7e-0c74-48c0-9bfe-ba02fa96d4b0,5.966666666666667
851809da-65e0-46e4-8f29-9e3ac7c0d71b,10.383333333333333
6c57a31f-81ca-408d-a2e0-d9ffa81b4430,7.416666666666667
410cf4c7-3251-49dc-aad7-f8555d1b60af,20.816666666666666
f56aa770-1a25-463b-82b4-a1bb466bdbe5,13.366666666666667
46706529-29d5-464e-82e0-1dc8923570a2,25.3
5e5a9372-3a6f-4608-bf46-e610b8c17dfe,19.85
4ea2e5b1-a8be-4b7c-809a-8efc8965e656,11.3
a528aec6-7c0c-4e9f-be82-f3712d3ef5a0,6.333333333333333
45375890-05ca-47ac-b3b9-704c74ffb7e4,1.35
7933c9c8-52d2-413c-9aa1-c0f221de6040,8.933333333333334
cc0bea0d-bbd3-4b1c-b07d-57d2db6ef914,13.183333333333334
9493e1d8-ced8-4e95-9e11-d35d8b9d911f,4.383333333333334
1644ebac-2263-49e4-a05b-6c60172e3e67,3.966666666666667
3311e6db-bb41-46ca-a88f-23e7aabd2f67,14.216666666666667
49f91536-3b30-4cea-888f-dc5dbbedc623,6.0
9388174d-6b30-4558-adcb-552c5c1fa51f,2.933333333333333
e560cd27-5de7-4f44-b462-b46a3d9c9ee1,5.266666666666667
68f9c8ba-3aa9-4587-842c-8c3826e702de,4.866666666666666
